"Date end",Size,"Clan tag","Clan name","Clan stars","Clan destruction","Opponent tag","Opponent name","Opponent stars","Opponent destruction",Result
"2025-12-31 19:34:05",10,#JPRPRVUY,"Akademia CoC PL",24,86.2,#QJ9YGPJJ,"For lebanese",20,76.8,win
"2025-12-25 23:01:03",10,#JPRPRVUY,"Akademia CoC PL",27,93.1,#29Q2C8L9V,OSCORP,19,70.6,win
"2025-12-23 16:08:48",5,#JPRPRVUY,"Akademia CoC PL",11,77.2,#2L0L02G22,"РаЙ 2020",13,87,lose
"2025-12-20 17:50:08",10,#JPRPRVUY,"Akademia CoC PL",16,58.9,#2LQ20YLJ0,CH-Garde,26,90.7,lose
"2025-12-18 18:17:38",10,#JPRPRVUY,"Akademia CoC PL",27,93.7,#2QL0UQVQ8,SEVENSTARS,28,96.9,lose
"2025-12-13 18:06:52",10,#JPRPRVUY,"Akademia CoC PL",26,94.2,#LCYRVLCV,mashhad.tap,26,90.8,win
"2025-11-22 20:03:58",10,#JPRPRVUY,"Akademia CoC PL",27,95,#2G8UU8CQU,Orangenpower,23,86,win
"2025-11-16 20:00:20",10,#JPRPRVUY,"Akademia CoC PL",23,84.7,#2YCV0Q2UV,"Pekka Blinders",29,99.8,lose
"2025-10-31 22:18:55",10,#JPRPRVUY,"Akademia CoC PL",29,99.8,#20GYUYG99,"DAVAO CLASHER14",6,24.3,win
"2025-10-29 19:07:53",10,#JPRPRVUY,"Akademia CoC PL",18,67,#29JLV8GJP,"Keet Upton",20,74.8,lose
"2025-10-27 17:39:39",5,#JPRPRVUY,"Akademia CoC PL",12,80,#9QPPYVVV,Madurai,12,88.4,lose
"2025-10-23 21:06:16",5,#JPRPRVUY,"Akademia CoC PL",15,100,#2RGUG9U9Y,"SGS Team™",10,72.4,win
"2025-10-21 00:33:53",10,#JPRPRVUY,"Akademia CoC PL",24,91.6,#2LYC8UPJU,☢TOWERS☣,23,77.4,win
"2025-10-18 19:23:14",5,#JPRPRVUY,"Akademia CoC PL",15,100,#JYV9GPJ,bagiggioclan,6,51,win
"2025-10-16 19:33:35",5,#JPRPRVUY,"Akademia CoC PL",15,100,#2JLG0YV8V,لرستان,4,28.2,win
"2025-10-13 11:01:29",5,#JPRPRVUY,"Akademia CoC PL",14,95.6,#2J9LR0RC8,"☯️ WARRIORS ☯️",14,99.4,lose
"2025-09-30 19:34:45",10,#JPRPRVUY,"Akademia CoC PL",30,100,#2GGY9PUVP,"آذربایجان تبریز",22,88.5,win
"2025-09-28 18:46:03",5,#JPRPRVUY,"Akademia CoC PL",14,95,#2JP9P9LJ9,españolitosssss,15,100,lose
"2025-09-26 03:48:27",10,#JPRPRVUY,"Akademia CoC PL",26,96.2,#Q0QVVPLV,"DRAGON BOYZ",30,100,lose
"2025-09-23 19:15:41",15,#JPRPRVUY,"Akademia CoC PL",36,86.86667,#PVLL8PUC,"IRAN 50 STARS",28,75.53333,win
"2025-09-21 18:35:07",10,#JPRPRVUY,"Akademia CoC PL",30,100,#29UQPL089,"Türk gücü team2",15,66.7,win
"2025-09-19 18:28:50",10,#JPRPRVUY,"Akademia CoC PL",30,100,#2R8UCL0CU,"The BABY CLAN",30,100,tie
"2025-09-17 17:21:17",10,#JPRPRVUY,"Akademia CoC PL",25,88.5,#2L0QGCQQP,"Soul øf BD",28,95.8,lose
"2025-09-15 17:40:52",10,#JPRPRVUY,"Akademia CoC PL",27,97.4,#2J099U89P,"Juicy Crew 2",17,65.9,win
"2025-09-13 18:35:20",10,#JPRPRVUY,"Akademia CoC PL",26,86.3,#2LLYG8GQG,Tryharder,28,97.5,lose
"2025-09-11 18:58:53",15,#JPRPRVUY,"Akademia CoC PL",43,96.53333,#2C88Y9P2,"Bosowa Empire",45,100,lose
"2025-09-01 15:08:08",10,#JPRPRVUY,"Akademia CoC PL",29,99.8,#2G82JLR0L,"THE CRAZY’S",21,76.4,win
"2025-08-30 15:42:56",5,#JPRPRVUY,"Akademia CoC PL",14,93.8,#Y8UVJLU,AzzKikr,12,85.8,win
"2025-08-28 15:53:23",10,#JPRPRVUY,"Akademia CoC PL",27,97.4,#2P9QY22RG,"Austrian War",27,91.7,win
"2025-08-25 19:48:23",10,#JPRPRVUY,"Akademia CoC PL",27,94.3,#YJVJQ2RR,KMZBROTHERS,27,95.2,lose
"2025-08-23 19:06:07",15,#JPRPRVUY,"Akademia CoC PL",38,88.666664,#2GLGJJGVG,Yörükler,27,62.866665,win
"2025-08-21 18:27:10",10,#JPRPRVUY,"Akademia CoC PL",30,100,#2GC2L9YY8,"Diewilden kerle",21,82.6,win
"2025-08-19 18:58:56",15,#JPRPRVUY,"Akademia CoC PL",38,94.2,#2RGU2Q2QQ,ShadowWarriors2,43,97.933334,lose
"2025-08-17 17:39:59",10,#JPRPRVUY,"Akademia CoC PL",29,99.8,#2YVRVQPVP,المهاجرة,27,95.6,win
"2025-08-15 18:06:49",15,#JPRPRVUY,"Akademia CoC PL",37,88.4,#28G8QV99U,"GLADIATOR MOSH",40,90.6,lose
"2025-08-13 18:22:54",10,#JPRPRVUY,"Akademia CoC PL",29,99.8,#R0LGJY8,"حکومت صفاری",22,75.1,win
"2025-08-01 19:36:36",15,#JPRPRVUY,"Akademia CoC PL",37,88.46667,#VVCVC8RC,"Familie Ritter",41,98.2,lose
"2025-07-29 21:12:37",15,#JPRPRVUY,"Akademia CoC PL",41,94.53333,#2YVRGQRYQ,"SAKALAM CLAN",43,99.46667,lose
"2025-07-27 19:25:23",15,#JPRPRVUY,"Akademia CoC PL",40,96.333336,#2L2U8GPCU,"Best Fighters",39,91.73333,win
"2025-07-24 19:12:51",15,#JPRPRVUY,"Akademia CoC PL",38,94,#29YR80PR8,Gentilspirates2,27,68.666664,win
"2025-07-22 19:56:04",15,#JPRPRVUY,"Akademia CoC PL",45,100,#22Y2982PP,Volk*99,22,69.53333,win
"2025-07-20 18:45:06",10,#JPRPRVUY,"Akademia CoC PL",24,86.8,#YRLCPCPQ,tabriz,26,91.6,lose
"2025-07-18 19:25:54",15,#JPRPRVUY,"Akademia CoC PL",39,90.066666,#QCUCR2GJ,کرمانشاه,39,92.066666,lose
"2025-07-15 20:38:54",15,#JPRPRVUY,"Akademia CoC PL",36,89.666664,#2LLLJGJRL,"SHADY'S 2.0",45,100,lose
"2025-07-13 19:22:17",15,#JPRPRVUY,"Akademia CoC PL",44,99.46667,#9P9QGGVR,"Nepali War",44,99.2,win
"2025-07-01 18:54:33",15,#JPRPRVUY,"Akademia CoC PL",40,93,#28LC0LQQ2,"Sinner N Saints",35,86.13333,win
"2025-06-28 20:11:23",10,#JPRPRVUY,"Akademia CoC PL",27,92.7,#8G9CY2R0,CW-Clasher,29,99.9,lose
"2025-06-26 19:40:00",15,#JPRPRVUY,"Akademia CoC PL",39,97.13333,#U29LGYYQ,"meilleurs potes",37,85.13333,win
"2025-06-24 19:26:56",10,#JPRPRVUY,"Akademia CoC PL",28,98.3,#2PQRP29YP,"БЕСЕДКА ЛВК",29,99.7,lose
"2025-06-22 19:49:45",15,#JPRPRVUY,"Akademia CoC PL",39,94.86667,#2YRR8J0YQ,Txagüen,35,84.2,win
"2025-06-20 19:03:49",15,#JPRPRVUY,"Akademia CoC PL",45,100,#2LCPGQUPV,Gabagool,23,66.67,win
"2025-06-17 20:32:06",15,#JPRPRVUY,"Akademia CoC PL",41,94.27,#2P0GV0C08,"⚡HB Clan⚡",41,95,lose
"2025-06-13 19:12:30",15,#JPRPRVUY,"Akademia CoC PL",44,99.6,#2QGJJ2YUV,"the killers",35,82.33,win
"2025-06-02 19:43:48",20,#JPRPRVUY,"Akademia CoC PL",52,95,#2YYLJPVVY,"Soul of BD √",59,99.75,lose
"2025-05-31 19:11:07",15,#JPRPRVUY,"Akademia CoC PL",40,93.53,#2G888GGVJ,"harpie's song",39,89.4,win
"2025-05-28 20:09:40",15,#JPRPRVUY,"Akademia CoC PL",42,97.27,#PQP8C9VR,iran,34,83.07,win
"2025-05-26 20:26:41",15,#JPRPRVUY,"Akademia CoC PL",40,97.07,#2Y8QPC02,"Cool Lowlanders",43,97.8,lose
"2025-05-18 19:18:59",15,#JPRPRVUY,"Akademia CoC PL",35,88.87,#2LRUPY0VG,"BD WAR 1971",42,98.4,lose
"2025-05-16 19:57:41",15,#JPRPRVUY,"Akademia CoC PL",43,99.6,#2YQCR2LY8,"CHILL & ENJOY",24,66.13,win
"2025-05-14 20:23:47",15,#JPRPRVUY,"Akademia CoC PL",40,94.73,#2Q2U88RYR,Timefail,42,98.07,lose
"2025-05-12 20:24:02",15,#JPRPRVUY,"Akademia CoC PL",41,95.2,#PLLQ0V29,kaşarlar,45,100,lose
"2025-04-25 19:39:15",10,#JPRPRVUY,"Akademia CoC PL",28,94.1,#RQLPLYLV,"KING OF KING",19,74.9,win
"2025-04-23 18:41:52",15,#JPRPRVUY,"Akademia CoC PL",40,95.67,#2P98GUPRR,"Freude am Spiel",42,94.27,lose
"2025-04-21 19:25:52",15,#JPRPRVUY,"Akademia CoC PL",38,91.4,#2L0GRJUQL,"White Phoenix",42,96.33,lose
"2025-04-19 19:59:02",10,#JPRPRVUY,"Akademia CoC PL",27,91.3,#2L9RGC2LP,"МСТИТЕЛИ 2.0",27,96.5,lose
"2025-04-17 20:04:43",15,#JPRPRVUY,"Akademia CoC PL",36,86.07,#29UPCVJQC,Benchwarmers,43,96.8,lose
"2025-04-01 22:17:51",20,#JPRPRVUY,"Akademia CoC PL",53,96.45,#2PUPU0LL9,dragons,55,96.5,lose
"2025-03-30 21:48:46",15,#JPRPRVUY,"Akademia CoC PL",37,90,#J9VJ088,916Scorpions,38,85.4,lose
"2025-03-26 21:06:01",20,#JPRPRVUY,"Akademia CoC PL",55,95.3,#9PC0PP8P,КакАнька,56,96.25,lose
"2025-03-24 21:50:54",15,#JPRPRVUY,"Akademia CoC PL",40,92.13,#2L0LV9LR9,IMMORTALTURKS,11,32.8,win
"2025-03-21 20:43:24",15,#JPRPRVUY,"Akademia CoC PL",41,95.33,#2YVCUUYUC,"dragon angel",42,96.73,lose
"2025-03-18 21:24:51",15,#JPRPRVUY,"Akademia CoC PL",36,86.2,#8RCJUVL,"Clash Club™",40,93.67,lose
"2025-03-16 21:45:29",15,#JPRPRVUY,"Akademia CoC PL",38,87,#208YLJRUY,"BEST FRIENDS***",42,94.2,lose
"2025-03-14 20:32:14",15,#JPRPRVUY,"Akademia CoC PL",35,82.8,#92Y0VL9,X-WÖLFE,39,92.07,lose
"2025-02-24 20:23:48",15,#JPRPRVUY,"Akademia CoC PL",42,95.73,#RGUU0YC2,"Veera thamizhan",42,95.33,win
"2025-02-20 19:46:21",15,#JPRPRVUY,"Akademia CoC PL",42,95.67,#2LJUGR8UY,"Dirty Gemmers",39,92.67,win
"2025-02-18 20:06:58",15,#JPRPRVUY,"Akademia CoC PL",40,95.27,#YGRP2Y0R,"صقور الحرب",41,91.87,lose
"2025-02-14 21:26:25",20,#JPRPRVUY,"Akademia CoC PL",51,92.3,#2G92UQ9RY,"Hotel Lambert",54,96.5,lose
"2025-02-12 21:25:19",20,#JPRPRVUY,"Akademia CoC PL",51,92.95,#2Q0GPUPV2,"FURIA HISPANA ✌",56,97.95,lose
"2025-01-30 20:59:00",15,#JPRPRVUY,"Akademia CoC PL",42,93.13,#PVGCPVPC,Homewreckers,34,88.07,win
"2025-01-25 21:25:48",15,#JPRPRVUY,"Akademia CoC PL",41,95.4,#2JUPGCL8,RoZ,31,80.33,win
"2025-01-23 21:10:45",15,#JPRPRVUY,"Akademia CoC PL",42,98.13,#2LRLUGJU2,OkSchade,40,94.2,win
"2025-01-18 21:19:34",15,#JPRPRVUY,"Akademia CoC PL",35,86.33,#QUVGPY82,"EARTH OF PEACE",42,97.8,lose
"2025-01-13 22:37:11",20,#JPRPRVUY,"Akademia CoC PL",54,96.5,#28LUV829Y,"ایران کلش",58,98.75,lose
"2025-01-11 21:53:42",20,#JPRPRVUY,"Akademia CoC PL",52,94.45,#LJ0PYPUP,"wizard power",60,100,lose
"2025-01-01 20:53:20",25,#JPRPRVUY,"Akademia CoC PL",73,98.56,#VLR0L9C9,Machanz,57,88.48,win
"2024-12-30 20:48:45",20,#JPRPRVUY,"Akademia CoC PL",54,93.15,#LGC2990R,"عيون المها",56,96.55,lose
"2024-12-25 23:17:28",25,#JPRPRVUY,"Akademia CoC PL",59,88.48,#2GJP2L8P9,"CoC xQcFrx",73,99.48,lose
"2024-12-21 02:03:42",30,#JPRPRVUY,"Akademia CoC PL",84,96.53,#2Q0VQLVVR,"NOTZ! GO FOR IT",83,94.1,win
"2024-12-18 20:48:59",30,#JPRPRVUY,"Akademia CoC PL",90,100,#8VGYJGL2,Balta,48,59.83,win
"2024-12-13 04:41:39",30,#JPRPRVUY,"Akademia CoC PL",81,95.2,#U8YCYUUQ,"LOS AMIGOS",65,81.73,win
"2024-12-01 20:06:47",30,#JPRPRVUY,"Akademia CoC PL",80,93.27,#LC0VPC92,"مملكة التنانين✌",87,98.37,lose
"2024-11-28 22:30:24",25,#JPRPRVUY,"Akademia CoC PL",67,93.56,#2PYCYUJCU,"Team Z XP ;-)",75,100,lose
"2024-11-26 21:59:31",20,#JPRPRVUY,"Akademia CoC PL",60,100,#2QCC8YGLG,iranian,55,93.8,win
"2024-11-24 20:18:54",20,#JPRPRVUY,"Akademia CoC PL",57,97.95,#U2PYUQ2J,落絮随风,57,97.9,win
"2024-11-22 21:05:17",20,#JPRPRVUY,"Akademia CoC PL",56,96,#2QLL8LRUG,pars,53,94.4,win
"2024-11-14 20:22:28",20,#JPRPRVUY,"Akademia CoC PL",56,95.4,#28UP98VY2,"Blades of Rage",49,88.6,win
"2024-11-12 19:31:07",30,#JPRPRVUY,"Akademia CoC PL",88,99.23,#2QG2RLLL2,"roosters fury",73,87.57,win
"2024-11-01 18:52:52",20,#JPRPRVUY,"Akademia CoC PL",57,97.65,#U8LJPLR2,WAR....WiN,52,92.5,win
"2024-10-30 19:28:14",20,#JPRPRVUY,"Akademia CoC PL",53,91.4,#2RQJUYQJ0,ESTP,59,99.5,lose
"2024-10-27 20:07:46",25,#JPRPRVUY,"Akademia CoC PL",70,93.72,#2GGQLR8CY,"بچه تهران",68,93.84,win
"2024-10-25 19:10:09",25,#JPRPRVUY,"Akademia CoC PL",71,96.36,#Q8J92GGU,"BD CHAMPION",74,99.56,lose
"2024-10-23 11:23:54",20,#JPRPRVUY,"Akademia CoC PL",52,93,#2QPQ82QYY,Finis,59,99.15,lose
"2024-10-21 11:25:00",20,#JPRPRVUY,"Akademia CoC PL",59,98.9,#PRL8VP0L,ยุทธการ,59,98.05,win
"2024-10-16 21:18:14",15,#JPRPRVUY,"Akademia CoC PL",43,97.4,#2RQCRUP2C,"قمة الجمال",42,96.33,win
"2024-10-14 21:57:51",20,#JPRPRVUY,"Akademia CoC PL",56,96.05,#2L99P8U0G,"Cebu city",56,96.95,lose
"2024-10-12 19:00:10",20,#JPRPRVUY,"Akademia CoC PL",55,96.1,#2GPPP8R8Y,❤Türkiyem❤,54,91.6,win
"2024-09-28 18:45:08",10,#JPRPRVUY,"Akademia CoC PL",25,91.9,#29QPJCCGP,"كلان الفرسان",25,92.4,lose
"2024-09-26 19:35:06",15,#JPRPRVUY,"Akademia CoC PL",42,97.13,#J2C200PR,"Ngaoundere Clan",45,100,lose
"2024-09-24 18:13:29",10,#JPRPRVUY,"Akademia CoC PL",28,93.5,#2LCU8U02U,"Il Comune",27,95.2,win
"2024-09-22 19:00:16",10,#JPRPRVUY,"Akademia CoC PL",27,96.8,#2RQL80GYG,"Ever one",26,93.6,win
"2024-09-20 19:30:07",10,#JPRPRVUY,"Akademia CoC PL",30,100,#2QPVRG8RQ,"Death Grasp",22,84.9,win
"2024-09-18 19:55:04",15,#JPRPRVUY,"Akademia CoC PL",42,94.07,#2QGV08J9R,U.N.,26,66.27,win
"2024-09-16 19:14:54",15,#JPRPRVUY,"Akademia CoC PL",37,89.47,#2LVVGCLU9,"IMUNA KUM",39,91.4,lose
"2024-09-12 19:21:08",20,#JPRPRVUY,"Akademia CoC PL",54,95.25,#QLV9LGP8,"مستحضر الارواح",56,95.55,lose
"2024-08-30 20:06:18",20,#JPRPRVUY,"Akademia CoC PL",52,93.45,#Q2GRYGY8,"BD KING OF BOYS",59,99.65,lose
"2024-08-24 19:35:16",20,#JPRPRVUY,"Akademia CoC PL",55,95.6,#2LPQ8CV28,"NEX GAMER 2",59,99.4,lose
"2024-08-22 18:50:18",20,#JPRPRVUY,"Akademia CoC PL",55,95.25,#2Y2YYJL0P,"Los KING",23,43.05,win
"2024-08-18 19:18:14",20,#JPRPRVUY,"Akademia CoC PL",57,96.15,#2G09PR9QG,"Base Detonator",59,99.75,lose
"2024-08-16 19:44:38",20,#JPRPRVUY,"Akademia CoC PL",58,97.85,#2R2QVY8Q0,"Discord Family",59,97.7,lose
"2024-08-14 19:50:47",25,#JPRPRVUY,"Akademia CoC PL",68,96.2,#2LP0VCLUJ,"BASTE CLAN",66,91,win
"2024-08-12 20:02:52",25,#JPRPRVUY,"Akademia CoC PL",64,90.2,#2GGUQG2UQ,ASARLIK,72,98.84,lose
"2024-08-01 19:12:11",20,#JPRPRVUY,"Akademia CoC PL",58,99.2,#2Q9PQ8GRG,"نسور العرب",38,76.7,win
"2024-07-28 19:25:19",15,#JPRPRVUY,"Akademia CoC PL",41,94.73,#2QJL9PCYY,LovelyJubbly,43,98.4,lose
"2024-07-24 19:31:26",15,#JPRPRVUY,"Akademia CoC PL",43,99.13,#2RGQL888L,كـــلاش❤️عــدن,36,94.13,win
"2024-07-22 19:40:09",15,#JPRPRVUY,"Akademia CoC PL",40,93.13,#2G2LG08UG,"جزیره ای ارواح",29,65.47,win
"2024-07-20 18:31:39",20,#JPRPRVUY,"Akademia CoC PL",56,95.15,#2QV8UPLLQ,SUPRIMIDORES,55,94.5,win
"2024-07-18 18:05:32",20,#JPRPRVUY,"Akademia CoC PL",49,88,#2QGJJ00YL,ENERJİ,59,99.1,lose
"2024-07-16 18:31:27",10,#JPRPRVUY,"Akademia CoC PL",28,99.6,#2GQR8CYUC,"Popp3landia ITA",29,99.4,lose
"2024-07-12 19:50:04",20,#JPRPRVUY,"Akademia CoC PL",53,94.6,#2R00G02Q9,"SON SAVAŞÇI",55,96.05,lose
"2024-06-28 19:46:40",20,#JPRPRVUY,"Akademia CoC PL",56,97.1,#YCYCLGYJ,بامعرفتا021,50,93.55,win
"2024-06-26 05:35:07",20,#JPRPRVUY,"Akademia CoC PL",60,100,#2GQLCJP8J,"INDIAN CLASHERS",57,96.25,win
"2024-06-23 20:31:34",20,#JPRPRVUY,"Akademia CoC PL",60,100,#2G90VU9JL,ایران,49,87.9,win
"2024-06-19 03:37:55",20,#JPRPRVUY,"Akademia CoC PL",58,99.35,#2GC90JQPY,"7 UP",55,93.7,win
"2024-05-31 19:12:38",20,#JPRPRVUY,"Akademia CoC PL",57,96.6,#2GVVQQV9Q,"✨نجمة ✨",55,91.25,win
"2024-05-29 19:24:24",20,#JPRPRVUY,"Akademia CoC PL",51,93.85,#YUVQGP8R,"THE NORTH WIND",54,92.75,lose
"2024-05-27 19:57:53",25,#JPRPRVUY,"Akademia CoC PL",65,92.72,#2GPY0CLP8,laatzen,72,98.08,lose
"2024-05-21 21:21:20",25,#JPRPRVUY,"Akademia CoC PL",69,94.92,#QUUYYYQV,"adultes cool:)",75,100,lose
"2024-05-19 20:37:29",20,#JPRPRVUY,"Akademia CoC PL",56,96.4,#28VQG0U9,Lads,43,76.85,win
"2024-05-17 20:32:01",20,#JPRPRVUY,"Akademia CoC PL",51,89.5,#28VLLL9JR,"قصه از عشق بگو",55,96.2,lose
"2024-05-15 20:07:18",20,#JPRPRVUY,"Akademia CoC PL",57,98.55,#9288RRY9,"أصدقاء سوريا",22,43.75,win
"2024-05-13 19:14:18",25,#JPRPRVUY,"Akademia CoC PL",62,90.6,#2P0PJU2J0,"American Way",14,21.44,win
"2024-04-26 20:28:36",25,#JPRPRVUY,"Akademia CoC PL",57,84.64,#2Q990G0CJ,"5 Pound Deadlif",72,97.08,lose
"2024-04-24 20:10:48",15,#JPRPRVUY,"Akademia CoC PL",41,94.27,#V0YUPGGU,wanted,35,91.73,win
"2024-04-22 19:44:13",20,#JPRPRVUY,"Akademia CoC PL",53,95.05,#CV2VPQQ8,"phantom regime",55,92.45,lose
"2024-04-20 19:51:13",15,#JPRPRVUY,"Akademia CoC PL",34,85.13,#2Y9RPLUYY,Adventure,36,91.4,lose
"2024-04-18 20:08:48",10,#JPRPRVUY,"Akademia CoC PL",27,96.1,#2Y8YJY0VQ,/////,20,69.8,win
"2024-04-16 18:46:09",10,#JPRPRVUY,"Akademia CoC PL",26,93.6,#YLQQ0C9L,"ZOOLOO NATION",28,97.6,lose
"2024-03-31 20:45:31",10,#JPRPRVUY,"Akademia CoC PL",25,86.3,#9RC2PUJ8,"Dragon Skull",20,74.4,win
"2024-03-18 22:13:20",10,#JPRPRVUY,"Akademia CoC PL",20,82.8,#2YU892YLL,"Os implacáveis",25,85.2,lose
"2024-03-14 22:49:41",15,#JPRPRVUY,"Akademia CoC PL",28,73.13,#2YVYUJ09V,Eagle,41,96.4,lose
"2024-02-29 00:16:01",10,#JPRPRVUY,"Akademia CoC PL",15,55,#2QGYV0RUR,Leori,0,0,win
"2024-02-25 23:23:07",10,#JPRPRVUY,"Akademia CoC PL",15,69.1,#2GGPL80VC,ANITAMAXWYNN,28,95.4,lose
"2024-02-23 20:45:39",5,#JPRPRVUY,"Akademia CoC PL",11,81.2,#2LUGGR8RV,"أبطال سوريا",0,0,win
"2024-01-24 22:10:55",10,#JPRPRVUY,"Akademia CoC PL",12,50.9,#2P0VL2GV2,"Repos mérité",29,99.9,lose
"2024-01-17 22:27:56",10,#JPRPRVUY,"Akademia CoC PL",23,91.9,#V9J9QR0Q,"النسر الذهبي",24,92.2,lose
"2024-01-13 11:03:19",15,#JPRPRVUY,"Akademia CoC PL",25,59.13,#2PL8QQ9L9,클랜룸펜,14,30.6,win
"2023-12-17 20:24:36",15,#JPRPRVUY,"Akademia CoC PL",29,63.4,#2YVG8CVJY,"iran turklari",39,93.53,lose
"2023-12-15 20:59:12",10,#JPRPRVUY,"Akademia CoC PL",22,81.3,#2L0JJ80L0,"Black Wolf",27,88.5,lose
"2023-12-01 21:09:16",10,#JPRPRVUY,"Akademia CoC PL",21,76.7,#L22LVJRC,#Endlos,16,62.4,win
"2023-11-20 20:59:14",5,#JPRPRVUY,"Akademia CoC PL",8,59.8,#8QLJ82G2,"#Romania Unita",11,89.2,lose
"2023-11-15 21:11:31",10,#JPRPRVUY,"Akademia CoC PL",26,92.2,#2LR08PQUV,"RELENTLESS AUS",7,28.4,win
"2023-10-31 20:57:19",5,#JPRPRVUY,"Akademia CoC PL",13,84.6,#2GQJPYJ8P,Abdi,0,0,win
"2023-10-19 20:53:41",10,#JPRPRVUY,"Akademia CoC PL",22,77.5,#2Q9YYYQ92,"Sith Hunters",29,97.6,lose
"2023-10-16 20:25:45",10,#JPRPRVUY,"Akademia CoC PL",24,88.3,#YPJCCRY9,Algérie,28,96.4,lose
"2023-09-19 20:01:51",10,#JPRPRVUY,"Akademia CoC PL",26,91.5,#2G0JRYLVY,"All Out",23,82.6,win
"2023-08-26 20:57:08",5,#JPRPRVUY,"Akademia CoC PL",11,86.4,#2YCYYJU0J,"King clan",9,60,win
"2023-08-24 20:46:06",10,#JPRPRVUY,"Akademia CoC PL",24,82.6,#PV8UJP9Q,"ملوك الحرب",20,78.2,win
"2023-08-22 20:31:48",10,#JPRPRVUY,"Akademia CoC PL",20,76.7,#PG8GYVLV,"the best",23,93.1,lose
"2023-08-20 19:24:15",10,#JPRPRVUY,"Akademia CoC PL",19,68.2,#2Q2P8R2JG,mafia,26,91.1,lose
"2023-08-18 19:14:23",5,#JPRPRVUY,"Akademia CoC PL",8,65.4,#2PC9PRP8P,"توقف ممنوع",11,77.6,lose
"2023-08-16 19:22:19",5,#JPRPRVUY,"Akademia CoC PL",8,69.2,#GVVQJCU0,"توپچی های قزوین",12,84.6,lose
"2023-08-13 22:35:42",15,#JPRPRVUY,"Akademia CoC PL",35,84.6,#2PPR9RPUR,"renegados RGP",44,98.93,lose
"2023-07-26 19:42:18",15,#JPRPRVUY,"Akademia CoC PL",41,92.4,#CP8CQLUV,"ITI CLAN",43,98.8,lose
"2023-07-20 20:28:52",15,#JPRPRVUY,"Akademia CoC PL",42,94.87,#2YG802GPU,"barbaros team⚔",13,32.07,win
"2023-07-15 19:28:53",10,#JPRPRVUY,"Akademia CoC PL",23,84,#2PJP0JLGY,"RETUNT THE KING",24,80.7,lose
"2023-06-30 22:38:37",15,#JPRPRVUY,"Akademia CoC PL",37,86.6,#2YPLUVJU9,DLAORAN(1),40,90.47,lose
"2023-06-27 19:40:22",10,#JPRPRVUY,"Akademia CoC PL",12,45.5,#GLYQQLPU,"GRAND MASTERS",26,89.4,lose
"2023-06-23 20:00:40",10,#JPRPRVUY,"Akademia CoC PL",27,94.2,#9GU0PJR9,"Dynamite V2",21,76.8,win
"2023-06-21 20:38:22",10,#JPRPRVUY,"Akademia CoC PL",24,89.3,#YPQUJCYC,"جروحي بروحي",29,98.4,lose
"2023-06-12 20:57:34",20,#JPRPRVUY,"Akademia CoC PL",46,86.05,#2LVUCJUGJ,Dwaynepipes,35,70.3,win
"2023-05-30 20:29:48",20,#JPRPRVUY,"Akademia CoC PL",53,89.65,#LGP92VUY,"ROMBLON FIGHTER",2,5.1,win
"2023-05-25 20:58:47",20,#JPRPRVUY,"Akademia CoC PL",52,85.2,#2QCLJ2RGU,"IRANIAN STAR2",57,97.4,lose
"2023-05-23 20:10:46",10,#JPRPRVUY,"Akademia CoC PL",24,82.8,#UVG8PPVC,"«خشم تایتان ها»",24,84.5,lose
"2023-05-17 01:11:49",20,#JPRPRVUY,"Akademia CoC PL",55,95.35,#RL9UJJ88,"friends & war",57,94.8,lose
"2023-04-25 20:52:58",15,#JPRPRVUY,"Akademia CoC PL",37,88.53,#LGPRQ8UU,"✌ابطال كوباني✌",37,84.53,win
"2023-04-22 19:41:20",15,#JPRPRVUY,"Akademia CoC PL",40,95.2,#2LRL8GY0G,"BD Danger Boy",41,94.27,lose
"2023-04-20 07:37:06",20,#JPRPRVUY,"Akademia CoC PL",46,81.75,#2YQ2JCPR8,"MEGA TITANS",53,89.35,lose
"2023-04-13 19:39:30",15,#JPRPRVUY,"Akademia CoC PL",37,86.47,#20GLRVCVQ,"INDIAN ARMY 2",27,62.93,win
"2023-04-01 19:44:43",15,#JPRPRVUY,"Akademia CoC PL",28,69.07,#2Q0LURP0V,ОТПУСК,38,91.4,lose
"2023-03-29 21:16:00",15,#JPRPRVUY,"Akademia CoC PL",37,87.73,#2Q2U9VRJC,DaBottomLine,37,89,lose
"2023-03-25 20:14:59",10,#JPRPRVUY,"Akademia CoC PL",24,87.6,#2P2QJRLQ,America,3,11.3,win
"2023-03-23 20:53:30",10,#JPRPRVUY,"Akademia CoC PL",24,91,#20C8PLPP8,クラン全員参加,21,74.8,win
"2023-03-21 21:12:22",10,#JPRPRVUY,"Akademia CoC PL",19,76.4,#2QCL2LJGV,IRAN.com,17,59,win
"2023-03-17 21:15:15",10,#JPRPRVUY,"Akademia CoC PL",24,81.7,#QRCUQ8CC,"BD BOY",29,95.2,lose
"2023-03-15 20:53:19",10,#JPRPRVUY,"Akademia CoC PL",23,76.3,#2LL0QUVJP,CLASH,28,93.6,lose
"2023-03-13 20:05:11",10,#JPRPRVUY,"Akademia CoC PL",21,75.7,#2YG8LC0VY,Arena,9,39.4,win
"2023-03-01 21:04:30",10,#JPRPRVUY,"Akademia CoC PL",24,82.2,#YCL0U29L,"ابطال تلعفر",27,94.7,lose
"2023-02-27 21:46:16",10,#JPRPRVUY,"Akademia CoC PL",23,83.2,#QJ2U8U0R,"Bellwood Broz..",18,62,win
"2023-02-25 20:28:47",10,#JPRPRVUY,"Akademia CoC PL",25,87.7,#2Q2U98G92,سوريا,14,61.7,win
"2023-02-21 20:39:28",10,#JPRPRVUY,"Akademia CoC PL",24,86.2,#2YJ9888CJ,"ANGRY WOLVES",28,96.3,lose
"2023-02-19 05:03:03",5,#JPRPRVUY,"Akademia CoC PL",11,80,#2LQLG0J2Y,"Anak Ng PH Ver2",2,26,win
"2023-02-12 20:36:29",10,#JPRPRVUY,"Akademia CoC PL",22,74.6,#2QYUPRLJJ,"CoC - CLUB",21,80.1,win
"2023-01-25 22:30:25",15,#JPRPRVUY,"Akademia CoC PL",33,82.13,#2L90288JL,"tropang F1 PH",41,92.73,lose
"2023-01-23 22:47:04",15,#JPRPRVUY,"Akademia CoC PL",31,86.07,#2LCUJRGC8,bubatzbuben,34,78,lose
"2023-01-20 20:47:00",10,#JPRPRVUY,"Akademia CoC PL",27,90.7,#9QPYURGY,"los umpalumpa",27,97.2,lose
"2023-01-18 05:38:08",15,#JPRPRVUY,"Akademia CoC PL",28,66.4,#8Q02Y8PL,"Last Samurai",36,92.87,lose
"2022-12-31 06:24:09",5,#JPRPRVUY,"Akademia CoC PL",10,81.2,#2L09CU8CG,"Fergana Uzb N1",10,70.8,win
"2022-12-18 22:59:38",10,#JPRPRVUY,"Akademia CoC PL",15,60.3,#PLY22VG8,"Lords of War",27,89.6,lose
"2022-12-14 21:08:59",15,#JPRPRVUY,"Akademia CoC PL",26,61.27,#2P2920JG2,"ВОР ЗАКОН А.У.Е",41,94.53,lose
"2022-11-30 20:15:56",10,#JPRPRVUY,"Akademia CoC PL",20,71.2,#2Y0PYC29V,awat,28,96.7,lose
"2022-11-22 20:56:46",15,#JPRPRVUY,"Akademia CoC PL",35,87.67,#2PVPVVV90,"Legends of War",28,65.13,win
"2022-11-20 20:36:05",15,#JPRPRVUY,"Akademia CoC PL",38,93.93,#2Y8RPUL09,"شیر بچای افغان",18,40,win
"2022-11-18 20:59:18",15,#JPRPRVUY,"Akademia CoC PL",37,91.33,#VRJPYPC2,"اقويه للابد",31,74.93,win
"2022-11-15 20:29:50",15,#JPRPRVUY,"Akademia CoC PL",26,63.93,#VVUPJ99L,"تنهای تنها",37,87.47,lose
"2022-11-13 20:49:01",15,#JPRPRVUY,"Akademia CoC PL",38,90.2,#Y9UQGJRV,"ALTINGEN ;)",43,98.8,lose
"2022-10-30 19:43:16",20,#JPRPRVUY,"Akademia CoC PL",54,91.05,#2P9089VPP,کوردستان,40,70.4,win
"2022-10-27 19:17:07",20,#JPRPRVUY,"Akademia CoC PL",50,89.95,#L2RLU00R,"Flying Party WB",54,93.1,lose
"2022-10-21 20:47:10",15,#JPRPRVUY,"Akademia CoC PL",40,96.93,#2LLRPGGRU,"هزار یک شب",39,93.47,win
"2022-10-16 01:33:25",15,#JPRPRVUY,"Akademia CoC PL",37,86.53,#YQ9CQ9PC,CarpoTAMBAYAN,31,75.53,win
"2022-10-12 21:11:13",15,#JPRPRVUY,"Akademia CoC PL",38,84.73,#2YYPVJLGP,"Juste Actif 2",39,92.67,lose
"2022-09-20 18:46:36",10,#JPRPRVUY,"Akademia CoC PL",18,77.8,#JGUCUVRL,VOLOT,26,93.9,lose
"2022-08-24 20:12:41",10,#JPRPRVUY,"Akademia CoC PL",25,86.5,#2PRPYC2JR,"☆♤Hazara City♤☆",28,92.4,lose
"2022-07-25 22:30:10",10,#JPRPRVUY,"Akademia CoC PL",26,94.9,#UVL9RYLY,Pahlawanan,11,41.4,win
"2022-07-21 19:48:48",10,#JPRPRVUY,"Akademia CoC PL",25,85.2,#2LJJGVYYL,"وردايتي الاسد",26,89.4,lose
"2022-07-18 18:44:13",10,#JPRPRVUY,"Akademia CoC PL",27,93.1,#2YGYUR29P,cłąșshıąńs,28,91.4,lose
"2022-06-26 22:15:58",5,#JPRPRVUY,"Akademia CoC PL",13,92.8,#2YVRQUC0U,"ESPIRIT CLAN",5,46.8,win
"2022-06-23 20:00:10",10,#JPRPRVUY,"Akademia CoC PL",20,75.2,#QLY2RLRR,T.S.K,27,90.3,lose
"2022-06-19 22:07:41",5,#JPRPRVUY,"Akademia CoC PL",13,96,#8YYQV0CY,Goobs,9,86,win
"2022-06-17 22:28:46",10,#JPRPRVUY,"Akademia CoC PL",23,86.8,#29209RUV9,BOYBASTOS,26,90.3,lose
"2022-06-13 22:52:26",10,#JPRPRVUY,"Akademia CoC PL",20,77.6,#CPP0QQV2,"Black Hawk",12,45.8,win
"2022-05-31 22:41:53",10,#JPRPRVUY,"Akademia CoC PL",19,66.6,#YULUGQJV,"dead killers",28,94.8,lose
"2022-05-22 21:52:25",15,#JPRPRVUY,"Akademia CoC PL",29,74.87,#29PLG2YG2,"شکارچیان شهر",40,88.87,lose
"2022-05-18 23:26:25",15,#JPRPRVUY,"Akademia CoC PL",40,91.47,#2P20YQQYC,Legends,39,93.27,win
"2022-05-15 23:34:18",15,#JPRPRVUY,"Akademia CoC PL",32,82.07,#2YJGL8VPY,113,38,88,lose
"2022-05-13 19:49:04",15,#JPRPRVUY,"Akademia CoC PL",32,75.27,#8GY0J0JQ,King4Life,19,52.93,win
"2022-04-30 19:14:51",15,#JPRPRVUY,"Akademia CoC PL",26,67.6,#208JPY02U,BLBOUNI,40,94.53,lose
"2022-04-28 19:32:00",15,#JPRPRVUY,"Akademia CoC PL",31,75.67,#2QP2UP9VL,"USA PUSH",35,88.13,lose
"2022-04-25 23:47:10",10,#JPRPRVUY,"Akademia CoC PL",24,86.4,#9QGGJG8R,wasalak13,29,97.9,lose
"2022-04-22 23:00:41",15,#JPRPRVUY,"Akademia CoC PL",35,84.67,#G008UPLJ,"درع الجزيرة",31,78.33,win
"2022-04-18 22:33:15",10,#JPRPRVUY,"Akademia CoC PL",26,92.3,#22YJ8JJRC,"PÁK STÅRS",20,73.7,win
"2022-04-16 19:40:31",15,#JPRPRVUY,"Akademia CoC PL",43,96.6,#9G0YVLLR,"Blue Samurais",29,69.73,win
"2022-04-14 00:13:27",20,#JPRPRVUY,"Akademia CoC PL",55,93.8,#2Y0CUG2VJ,"University clan",34,57.7,win
"2022-04-11 23:20:39",25,#JPRPRVUY,"Akademia CoC PL",67,95.68,#YU89V0JR,水果部落,41,60.8,win
"2022-03-29 21:10:59",15,#JPRPRVUY,"Akademia CoC PL",42,93.07,#2QLY28YYV,LightFury,29,78.13,win
"2022-03-26 20:07:32",20,#JPRPRVUY,"Akademia CoC PL",43,79.45,#CPU0LJP0,Dragons,57,96.35,lose
"2022-03-22 19:14:37",15,#JPRPRVUY,"Akademia CoC PL",36,86.4,#JJUJ2QYC,"Dragón Rojo",39,90.27,lose
"2022-03-19 20:41:44",15,#JPRPRVUY,"Akademia CoC PL",40,95.4,#2LU80G80G,4doorsmoreh.ors,20,60.67,win
"2022-03-17 16:55:46",20,#JPRPRVUY,"Akademia CoC PL",48,87.05,#2Y0VG8UL8,"Pakistan On Top",55,92.2,lose
"2022-03-14 12:32:24",20,#JPRPRVUY,"Akademia CoC PL",52,89.6,#2LQVR9Q02,"K NATION",5,9.3,win
"2022-02-22 10:21:09",15,#JPRPRVUY,"Akademia CoC PL",38,86,#2LQYQYCUL,"УРАЛЬСКИЙ МАРС",41,94.8,lose
"2022-02-13 21:55:16",15,#JPRPRVUY,"Akademia CoC PL",42,96.33,#28Q2R8QL2,goyverenler,0,0,win
"2022-02-10 23:06:12",20,#JPRPRVUY,"Akademia CoC PL",55,96.25,#GJJUCYLV,سورياتجمعنا,49,83.35,win
"2022-01-23 22:06:57",10,#JPRPRVUY,"Akademia CoC PL",27,94.7,#G9P0R92L,Pastagas,29,95.6,lose
"2022-01-20 22:35:57",15,#JPRPRVUY,"Akademia CoC PL",32,85.8,#2LVY2VCUQ,lylia,35,82.33,lose
"2022-01-16 20:36:17",10,#JPRPRVUY,"Akademia CoC PL",28,95.3,#UCP0VC2G,"Fallen Angels",27,95.6,win
"2022-01-12 23:02:58",15,#JPRPRVUY,"Akademia CoC PL",36,89.4,#2LQLQY8CQ,Omega,43,98,lose
"2021-12-22 22:50:48",5,#JPRPRVUY,"Akademia CoC PL",11,77.6,#YGG9LJC2,RAJA-KLABANG,13,92.6,lose
"2021-12-20 21:45:54",5,#JPRPRVUY,"Akademia CoC PL",10,77,#UG8RU8UV,"جنگجوهای اریای",10,72,win
"2021-12-18 20:50:53",10,#JPRPRVUY,"Akademia CoC PL",23,83.3,#2PLRYPPUY,"Buddy Pack",14,53.4,win
"2021-11-29 22:00:00",5,#JPRPRVUY,"Akademia CoC PL",11,86.2,#20YGG2RUC,MECHANIC,10,72.4,win
"2021-11-27 21:21:39",15,#JPRPRVUY,"Akademia CoC PL",39,89.73,#GGCRQ8GU,جبرائيل,37,86.47,win
"2021-11-17 21:14:42",20,#JPRPRVUY,"Akademia CoC PL",26,49.8,#PJGG9QRY,"UHSA GIS",60,100,lose
"2021-10-19 18:15:08",15,#JPRPRVUY,"Akademia CoC PL",34,84.27,#20YJPP02C,"شباب وبنات",44,98.8,lose
"2021-10-13 19:57:30",15,#JPRPRVUY,"Akademia CoC PL",35,87.27,#2LUQVYVCR,"La Team",35,80,win
"2021-10-10 20:34:34",15,#JPRPRVUY,"Akademia CoC PL",35,88.53,#2PPQQ90GR,"ELEVEN NINE",13,31.33,win
"2021-10-03 05:37:52",15,#JPRPRVUY,"Akademia CoC PL",21,53.8,#2LYV8YCG8,"THE TENNENTS",25,57.53,lose
"2021-09-30 06:04:53",15,#JPRPRVUY,"Akademia CoC PL",26,63.33,#20JPLV908,☆★★ДРУЗЬЯ★★☆,36,82.47,lose
"2021-09-24 13:09:43",10,#JPRPRVUY,"Akademia CoC PL",26,95.3,#2L9P222Y8,"Lakas Dagat",28,97.5,lose
"2021-09-22 05:11:17",10,#JPRPRVUY,"Akademia CoC PL",17,67.5,#2YR8QPGPU,France,25,89.6,lose
"2021-09-19 18:47:47",5,#JPRPRVUY,"Akademia CoC PL",13,95.2,#QQQQPJUU,MAKNADA,12,80,win
"2021-08-29 20:28:31",5,#JPRPRVUY,"Akademia CoC PL",11,86,#2LC8L08CY,"SACRED LEGION",10,81.6,win
"2021-08-27 19:39:10",5,#JPRPRVUY,"Akademia CoC PL",12,86.6,#2LVGPYQV8,Boys,13,91.2,lose
"2021-08-24 21:50:57",5,#JPRPRVUY,"Akademia CoC PL",11,85.2,#2QLVY0QU,"صحبة خير",12,81.8,lose
"2021-08-19 18:56:42",10,#JPRPRVUY,"Akademia CoC PL",19,67.8,#2LVJPVC8C,LosMascaVidrio,27,93.6,lose
"2021-08-15 22:16:48",10,#JPRPRVUY,"Akademia CoC PL",25,86.4,#2P8QVCR0C,"Warehouse, CR",23,79.9,win
"2021-08-13 21:24:46",10,#JPRPRVUY,"Akademia CoC PL",23,81.8,#UPV898C,bootypipe,19,77.8,win
"2021-07-25 19:44:14",10,#JPRPRVUY,"Akademia CoC PL",28,98.2,#20C08Y8Y2,"KING OF WAR",23,77.8,win
"2021-07-23 17:14:03",10,#JPRPRVUY,"Akademia CoC PL",15,62.7,#C9Q0CLLY,"Real Fighter",22,76.7,lose
"2021-07-20 19:40:59",10,#JPRPRVUY,"Akademia CoC PL",24,88.8,#2YVYGQ0RJ,Take_A_Bow,28,99,lose
"2021-07-17 19:08:07",10,#JPRPRVUY,"Akademia CoC PL",22,81.3,#2PLQCULVG,"Adultos Mini!",28,91.9,lose
"2021-07-13 06:15:24",10,#JPRPRVUY,"Akademia CoC PL",22,81.7,#22VUYRP8R,暮雪--魔灵之城,27,98,lose
"2021-06-22 21:30:18",5,#JPRPRVUY,"Akademia CoC PL",11,84.6,#LYP2P0Q0,"KEDUNGGALAR AE",14,92.6,lose
"2021-06-16 23:56:17",10,#JPRPRVUY,"Akademia CoC PL",23,80.2,#2Y98QLGQG,快乐部落不要冲突,20,73.1,win
"2021-06-12 19:37:33",15,#JPRPRVUY,"Akademia CoC PL",37,85.933334,#PJ0VPV22,dark-ace,30,73.2,win
"2021-05-30 19:12:04",5,#JPRPRVUY,"Akademia CoC PL",9,72.8,#20PQUPVCQ,clash,7,55.2,win
"2021-05-27 19:54:45",5,#JPRPRVUY,"Akademia CoC PL",11,76,#2LPQ22RQ8,CARROLL,11,76.4,lose
"2021-05-25 19:46:20",5,#JPRPRVUY,"Akademia CoC PL",12,85.8,#9RQV8UVR,"Tehran Champion",13,87.4,lose
"2021-05-23 20:33:34",5,#JPRPRVUY,"Akademia CoC PL",12,86.6,#GUVLPPQG,"MEDAN TAMORA",11,85.2,win
"2021-05-21 18:31:29",5,#JPRPRVUY,"Akademia CoC PL",12,83.8,#CLP9UY2L,"Real Hero",12,83.6,win
"2021-05-19 18:43:14",10,#JPRPRVUY,"Akademia CoC PL",26,90.4,#CCL9G220,حمص6,23,82.6,win
"2021-05-17 19:11:52",5,#JPRPRVUY,"Akademia CoC PL",12,88.4,#9PUQRVGP,"adult only",13,88,lose
"2021-05-15 18:23:40",10,#JPRPRVUY,"Akademia CoC PL",24,80.1,#28Y9LQ9VU,"clash of chaos",24,91.3,lose
"2021-05-12 20:27:34",15,#JPRPRVUY,"Akademia CoC PL",40,94.13333,#2P0YCU2VU,"SLOVAKIA CLAN",36,84.933334,win
"2021-04-30 20:13:07",20,#JPRPRVUY,"Akademia CoC PL",38,73.05,#2Y8V80QL8,Voay,54,93.4,lose
"2021-04-28 19:29:28",10,#JPRPRVUY,"Akademia CoC PL",13,57,#9VPUQYQQ,دمشق,22,76.5,lose
"2021-04-24 20:16:11",10,#JPRPRVUY,"Akademia CoC PL",23,81.1,#28GCPG890,"babad legend",27,90.8,lose
"2021-04-22 20:45:12",10,#JPRPRVUY,"Akademia CoC PL",28,93.9,#29VVQ2J90,"eve,and rub,cla",16,58,win
"2021-04-19 19:04:26",10,#JPRPRVUY,"Akademia CoC PL",26,93.4,#9GP98Q8P,"samer 1",5,18.2,win
"2021-04-14 00:23:28",5,#JPRPRVUY,"Akademia CoC PL",10,75.6,#99G2VYUL,"اللمه الزينه",11,87.4,lose
"2021-03-29 21:23:17",10,#JPRPRVUY,"Akademia CoC PL",26,93.7,#JQQVQRJ0,"Palaban clan",28,96.2,lose
"2021-03-25 19:11:30",10,#JPRPRVUY,"Akademia CoC PL",27,92.5,#99UYRGRQ,"Greek Troopers",25,91.8,win
"2021-03-23 19:02:52",10,#JPRPRVUY,"Akademia CoC PL",26,92,#29UQYC0R8,"FRERES D'ARMES",27,93.6,lose
"2021-03-21 18:58:13",10,#JPRPRVUY,"Akademia CoC PL",21,78.3,#2PYYG9PU8,♡Lovely♡,17,62,win
"2021-03-18 21:21:31",10,#JPRPRVUY,"Akademia CoC PL",27,92.9,#2PVPP2Q9P,2Hype,23,86.4,win
"2021-03-16 20:20:34",10,#JPRPRVUY,"Akademia CoC PL",22,84,#9VP2UU9Q,"Las pastaga's",25,88.3,lose
"2021-03-14 20:48:39",15,#JPRPRVUY,"Akademia CoC PL",38,85.066666,#29QYUPLQR,"DOORS ☠",38,85.933334,lose
"2021-03-11 23:59:26",10,#JPRPRVUY,"Akademia CoC PL",22,85,#9RV00JRL,"STRAW HATS",23,90.9,lose
"2021-02-27 21:57:51",5,#JPRPRVUY,"Akademia CoC PL",11,81.2,#JYJRR089,bijen,11,87,lose
"2021-02-20 21:22:30",5,#JPRPRVUY,"Akademia CoC PL",12,88.4,#PJVVV8CC,"ارتش مبارز",13,92.6,lose
"2021-02-15 22:18:45",5,#JPRPRVUY,"Akademia CoC PL",10,71.4,#29QJV08VG,ricktoffin,3,20,win
"2021-02-12 21:14:09",5,#JPRPRVUY,"Akademia CoC PL",11,67.6,#20V2R28Q8,JORDAN❤IRAQ,12,91.2,lose
"2021-01-30 22:18:42",10,#JPRPRVUY,"Akademia CoC PL",19,74.5,#28CQC9YJL,"برشلونه الخير",25,88.8,lose
"2021-01-28 00:21:18",15,#JPRPRVUY,"Akademia CoC PL",38,93.46667,#2PG88L8QQ,"Tahan Fighter",27,65.6,win
"2021-01-25 23:34:59",20,#JPRPRVUY,"Akademia CoC PL",52,91.65,#JP8RG2G0,Clashersmashers,19,40.7,win
"2021-01-23 22:06:21",20,#JPRPRVUY,"Akademia CoC PL",50,86.8,#2YYLVJVP2,LYF@FINLAND2,13,21.6,win
"2021-01-21 00:55:40",20,#JPRPRVUY,"Akademia CoC PL",51,89.05,#8PPUYYU2,ONE_PIECE,52,91.15,lose
"2021-01-19 00:06:03",10,#JPRPRVUY,"Akademia CoC PL",28,96.9,#2YRGY929Q,ILOKANOAK,25,81.6,win
"2021-01-14 23:22:05",15,#JPRPRVUY,"Akademia CoC PL",37,85.67,#292Y98UQJ,logma,32,78,win
"2021-01-12 21:38:37",15,#JPRPRVUY,"Akademia CoC PL",38,88.8,#JRGP0PV9,"Frieñds Førēvér",41,91.47,lose
"2020-12-19 20:49:22",5,#JPRPRVUY,"Akademia CoC PL",14,90.6,#PR2QJUYR,"وحوش الجبيل",14,92.4,lose
"2020-12-14 21:02:30",10,#JPRPRVUY,"Akademia CoC PL",29,96.2,#V9UCLU8C,"frnd 4 ever",26,93.5,win
"2020-12-09 00:19:06",5,#JPRPRVUY,"Akademia CoC PL",11,78.2,#2PRRYCVVY,"Celana Sobek",10,89.2,win
"2020-12-06 22:46:33",5,#JPRPRVUY,"Akademia CoC PL",12,84.8,#2L08CYJR0,om,0,0,win
"2020-11-17 20:40:42",5,#JPRPRVUY,"Akademia CoC PL",11,92.4,#2YVCYU8Y9,"Ukraine Empire",11,71.4,win
"2020-11-14 17:28:12",10,#JPRPRVUY,"Akademia CoC PL",22,83.7,#CQYVCGJU,"أسود الله✌",26,87.7,lose
"2020-09-21 19:43:27",5,#JPRPRVUY,"Akademia CoC PL",5,36.4,#2P29U20UC,INOK.19,13,96.8,lose
"2020-09-10 20:04:20",5,#JPRPRVUY,"Akademia CoC PL",8,64.6,#UYPVVQ08,"D@®K W@®®¡()R",13,87.4,lose
"2020-09-07 22:56:41",5,#JPRPRVUY,"Akademia CoC PL",12,89.6,#2Y082JVCQ,-$GK$-Warriors-,10,87.4,win
"2020-08-30 20:23:09",5,#JPRPRVUY,"Akademia CoC PL",12,90.8,#29Q0GUQY0,HUNTER,10,75.6,win
"2020-08-19 19:02:35",5,#JPRPRVUY,"Akademia CoC PL",9,65.4,#2YLG82LJU,"Eros kiss",13,94,lose
"2020-08-15 20:10:16",5,#JPRPRVUY,"Akademia CoC PL",13,82.6,#28220Q8CG,Asturias,0,0,win
"2020-08-13 19:03:50",5,#JPRPRVUY,"Akademia CoC PL",12,85.4,#GCRG2JRG,"Casernes du Val",2,28,win
"2020-08-11 19:46:49",5,#JPRPRVUY,"Akademia CoC PL",13,95.6,#29YCQ8V82,FRIENDS,12,83.8,win
"2020-08-05 20:27:51",10,#JPRPRVUY,"Akademia CoC PL",25,85.2,#2Y9Y8JRYJ,夜里挑灯看剑,20,71.6,win
"2020-07-17 20:20:09",5,#JPRPRVUY,"Akademia CoC PL",8,70.8,#UVUYQ9VR,THINKING....,15,100,lose
"2020-06-28 19:32:00",5,#JPRPRVUY,"Akademia CoC PL",8,70.2,#G8QRRUQ,"marivan atak",11,88.4,lose
"2020-06-24 19:54:25",10,#JPRPRVUY,"Akademia CoC PL",24,84.6,#UV8RYQ9,Wіshmaster,14,49.5,win
"2020-06-01 21:06:56",5,#JPRPRVUY,"Akademia CoC PL",13,93,#9JYLL8G9,Greeley,4,38,win
"2020-05-24 21:47:35",10,#JPRPRVUY,"Akademia CoC PL",27,96.1,#2L8Q8Q2G,岡山無課金協同組合,22,84.8,win
"2020-05-18 20:52:05",10,#JPRPRVUY,"Akademia CoC PL",23,81.7,#2G82VRVL,"RED LAVA DEVIL",22,83.8,win
"2020-04-19 21:41:22",5,#JPRPRVUY,"Akademia CoC PL",12,82.8,#29LRRLRCQ,"ه۟اٰڪ سۜنۨڪرسۜ",3,20,win
"2020-04-16 23:13:31",5,#JPRPRVUY,"Akademia CoC PL",12,84.2,#2828J800V,"UNIÃO E FORÇA",13,88.8,lose
"2020-04-13 22:14:47",10,#JPRPRVUY,"Akademia CoC PL",25,87,#20P2PVUUY,"أساطير الظلام",24,79.9,win
"2020-04-11 19:59:52",15,#JPRPRVUY,"Akademia CoC PL",32,81.47,#V8UL0RRG,"باشا مصر",38,91.87,lose
"2020-03-27 22:32:32",10,#JPRPRVUY,"Akademia CoC PL",26,90,#88J8L9YL,"Hyrule warriors",21,76.6,win
"2020-03-11 21:08:12",15,#JPRPRVUY,"Akademia CoC PL",35,80.4,#222QPUGL8,Assassin's,41,93.47,lose
"2020-02-16 19:11:26",10,#JPRPRVUY,"Akademia CoC PL",28,93.9,#GRQJPVRQ,"Adults Only Int",13,55.9,win
"2019-12-29 20:07:59",10,#JPRPRVUY,"Akademia CoC PL",17,67,#C0JU8UJ,"3 rivières",30,100,lose
"2019-12-24 10:13:09",5,#JPRPRVUY,"Akademia CoC PL",11,84.2,#RRQRU008,"بن جواد ✌",13,85.4,lose
"2019-12-21 00:06:16",5,#JPRPRVUY,"Akademia CoC PL",12,92.6,#LPURJ20U,大地1015,12,88.4,win
"2019-12-16 20:38:20",5,#JPRPRVUY,"Akademia CoC PL",12,93.8,#92QGJ890,"We Are Together",4,29.2,win
"2019-10-30 22:47:57",15,#JPRPRVUY,"Akademia CoC PL",32,84.13,#20J8VG2R2,Sevilmezler,19,46.27,win
"2019-10-28 06:18:27",25,#JPRPRVUY,"Akademia CoC PL",59,81.88,#29L2PP2YL,"ارتش کورد",21,34.28,win
"2019-10-24 22:03:23",15,#JPRPRVUY,"Akademia CoC PL",35,82.2,#28RYQ2C00,JC,36,83.13,lose
"2019-10-20 20:46:30",10,#JPRPRVUY,"Akademia CoC PL",21,76.3,#UPCRJQJY,"Angelic Warrior",25,87.3,lose
"2019-09-27 22:40:28",5,#JPRPRVUY,"Akademia CoC PL",15,100,#20UC92CLY,kendor,11,81.6,win
"2019-09-21 20:10:33",5,#JPRPRVUY,"Akademia CoC PL",11,76.4,#22P8VY0G2,FRANCE,8,71,win
"2019-09-16 20:58:01",10,#JPRPRVUY,"Akademia CoC PL",26,92.2,#2988Y2VLC,LuckyClan,11,39,win
"2019-08-26 20:30:30",10,#JPRPRVUY,"Akademia CoC PL",27,89,#CGYLUG2Y,DieLowRiders,25,87.7,win
"2019-08-18 20:29:02",10,#JPRPRVUY,"Akademia CoC PL",24,85.1,#289RG20LC,"Iran klan",19,69,win
"2019-08-12 23:47:57",15,#JPRPRVUY,"Akademia CoC PL",38,87.67,#22RLJULYJ,CNXpeeps,30,75.53,win
"2019-07-28 19:25:16",10,#JPRPRVUY,"Akademia CoC PL",28,90.6,#Q2QGR0QC,"DE DE PYAAR DE",27,93.8,win
"2019-07-17 22:05:07",10,#JPRPRVUY,"Akademia CoC PL",25,84,#28QC9998V,一起来,18,72.4,win
"2019-07-15 19:15:57",15,#JPRPRVUY,"Akademia CoC PL",33,77.47,#20Q0CJQ0Y,"Bellum lucrum™️",41,97.67,lose
"2019-06-30 21:06:35",10,#JPRPRVUY,"Akademia CoC PL",22,78.9,#2098Y822Y,YNWA,15,57.6,win
"2019-06-15 23:03:17",10,#JPRPRVUY,"Akademia CoC PL",25,88.1,#CG9CP9L8,"""ClasH For MB",12,45.1,win
"2019-05-27 21:25:13",10,#JPRPRVUY,"Akademia CoC PL",23,87.4,#222CVR9QY,"أساطير العالم",9,37.5,win
"2019-05-18 19:51:50",10,#JPRPRVUY,"Akademia CoC PL",20,77,#208L2LRYQ,"JABON MILL",27,94.9,lose
"2019-05-15 17:25:04",10,#JPRPRVUY,"Akademia CoC PL",25,87.9,#JR0GQ0J0,AGNI,28,97.5,lose
"2019-04-20 19:56:37",10,#JPRPRVUY,"Akademia CoC PL",25,86.9,#J0RUQPCC,"DEAD ON ARRIVAL",15,58,win
"2019-04-17 19:53:48",10,#JPRPRVUY,"Akademia CoC PL",20,71.9,#JQCL9900,"the yolo's",25,92.2,lose
"2019-04-15 18:36:57",15,#JPRPRVUY,"Akademia CoC PL",29,81.73,#28PPPR8Y9,"Indian players",37,87.4,lose
"2019-04-01 20:26:36",10,#JPRPRVUY,"Akademia CoC PL",24,86.7,#J0G9P29R,"اصدقاء للابد",25,93.2,lose
"2019-03-13 22:46:11",15,#JPRPRVUY,"Akademia CoC PL",41,92.2,#290YUPGRQ,"DARK FIGHTERS",32,82.53,win
"2019-02-28 20:13:27",15,#JPRPRVUY,"Akademia CoC PL",38,89.13,#VGYJC0VG,Империя,39,89.93,lose
"2019-02-26 20:27:34",15,#JPRPRVUY,"Akademia CoC PL",38,88.53,#22VVPVQ0V,İcEdEaRtH,20,57,win
"2019-02-16 22:17:04",15,#JPRPRVUY,"Akademia CoC PL",36,84.73,#22J8J00VR,"KHO KHO BOYS",10,28.87,win
"2019-01-29 23:15:40",10,#JPRPRVUY,"Akademia CoC PL",25,83.2,#Q2Q2GVQ9,"persian Herose2",29,97.6,lose
"2019-01-22 23:19:04",15,#JPRPRVUY,"Akademia CoC PL",40,93.2,#20PVYRYLP,"Y0UNG BL01D",29,71.47,win
"2019-01-05 21:02:06",15,#JPRPRVUY,"Akademia CoC PL",42,94.73,#8V9Y0JGU,••Bozkurtlar•••,37,89.67,win
"2018-12-27 21:29:33",15,#JPRPRVUY,"Akademia CoC PL",38,89.53,#22UJJ0G9L,"Kings of Clash",31,76.47,win
"2018-12-12 23:10:15",10,#JPRPRVUY,"Akademia CoC PL",25,87.4,#V8VCGRQL,"THUNDER STORM",21,83.4,win
"2018-12-08 22:43:23",10,#JPRPRVUY,"Akademia CoC PL",24,86.1,#2YV2C080,"Les Poilus Du",29,98.4,lose
"2018-11-27 21:59:57",10,#JPRPRVUY,"Akademia CoC PL",25,88.9,#CYC0LCPP,"ANAK KERJO",25,87.4,win
"2018-11-13 06:22:54",15,#JPRPRVUY,"Akademia CoC PL",37,86.93,#P99CPJC2,Yasva,29,67,win
"2018-11-10 23:18:09",10,#JPRPRVUY,"Akademia CoC PL",25,92.4,#220V20P9R,"Attackking 屎",16,67.3,win
"2018-10-24 00:30:25",10,#JPRPRVUY,"Akademia CoC PL",26,94,#V9V82PCV,"Black Stars",21,70,win
"2018-10-21 22:06:31",15,#JPRPRVUY,"Akademia CoC PL",38,88.47,#22GGQR200,"魔法★时代NO BROKEN",37,80.93,win
"2018-10-14 20:45:28",10,#JPRPRVUY,"Akademia CoC PL",22,82.7,#20YCGPY82,waRsTrikE,12,45.6,win
"2018-10-01 22:10:58",10,#JPRPRVUY,"Akademia CoC PL",28,93.4,#22L20R0UY,"Bar Celta AG",29,99.7,lose
"2018-09-21 21:10:04",10,#JPRPRVUY,"Akademia CoC PL",25,82.2,#YL2YC8Q9,invictus,28,97.9,lose
"2018-09-17 20:19:19",10,#JPRPRVUY,"Akademia CoC PL",25,88.7,#UGVCLCLP,PAKISTAN,26,91.6,lose
"2018-09-09 20:30:41",10,#JPRPRVUY,"Akademia CoC PL",22,85.3,#JQP20GC8,Greece,20,78.1,win
"2018-08-31 18:36:24",10,#JPRPRVUY,"Akademia CoC PL",22,80.8,#UPPR02RG,"newyork tigers",20,83,win
"2018-08-25 21:01:55",5,#JPRPRVUY,"Akademia CoC PL",13,88,#PRY0C0J8,"106 ВДД",5,53.2,win
"2018-08-13 20:51:46",10,#JPRPRVUY,"Akademia CoC PL",21,77,#PP99ULPQ,Mercenários,24,91,lose
"2018-08-11 19:53:44",10,#JPRPRVUY,"Akademia CoC PL",28,97,#PJ2L8JGY,"سوريا الاسد",26,87.2,win
"2018-08-09 20:17:34",10,#JPRPRVUY,"Akademia CoC PL",22,71.5,#RQ9UJGPQ,"رسًسًـمِتُك ☀",26,86.6,lose
"2018-08-07 19:19:36",10,#JPRPRVUY,"Akademia CoC PL",29,98.9,#UUG09R8U,GirlSun,27,98.4,win
"2018-08-03 08:11:10",10,#JPRPRVUY,"Akademia CoC PL",23,80.9,#VC8GRRR2,"GANK MOTOR",13,59.8,win
"2018-08-01 08:26:55",10,#JPRPRVUY,"Akademia CoC PL",28,97.2,#20PGVPJVJ,"VoLuMe zero",16,55.5,win
"2018-07-06 20:37:43",10,#JPRPRVUY,"Akademia CoC PL",22,82,#LUCJRYJC,"الموت القادم",25,89.5,lose
"2018-07-02 20:49:55",10,#JPRPRVUY,"Akademia CoC PL",26,89.7,#VRC0CR82,GVNG,26,91.5,lose
"2018-06-30 21:16:40",10,#JPRPRVUY,"Akademia CoC PL",28,92.8,#CRG29U8R,"CLAN ALFA / CZ",21,74.8,win
"2018-06-18 06:24:29",10,#JPRPRVUY,"Akademia CoC PL",28,95.3,#20Y8RJVJ8,"""BS&G ZONE""",18,67.6,win
"2018-06-15 21:42:56",10,#JPRPRVUY,"Akademia CoC PL",25,85.1,#PJPLQGCR,CoC.TambayaN..,24,84.5,win
"2018-06-13 20:11:46",10,#JPRPRVUY,"Akademia CoC PL",24,85,#20R9R29CV,"1971 FORCE",22,85.9,win
"2018-06-03 20:14:48",10,#JPRPRVUY,"Akademia CoC PL",27,89.8,#UYG8RGL0,"لولو الحلوه",17,64.7,win
"2018-06-01 20:40:34",10,#JPRPRVUY,"Akademia CoC PL",27,93.5,#20YRU89R2,"عهد الاصدقاء",27,94.6,lose
"2018-05-30 20:37:21",10,#JPRPRVUY,"Akademia CoC PL",22,82.7,#CCVQ299V,"وحوش 112",14,51.2,win
"2018-05-25 20:58:15",10,#JPRPRVUY,"Akademia CoC PL",26,89.8,#CPPUCYRV,Efsaneler,7,27.8,win
"2018-05-15 19:58:12",10,#JPRPRVUY,"Akademia CoC PL",20,72.2,#CLY9VJJU,"I LOVE SBM 92",26,92.9,lose
"2018-05-06 20:56:47",10,#JPRPRVUY,"Akademia CoC PL",28,96.3,#U9Q8J9CG,"صاروخ $$ماديراا",18,69,win
"2018-05-03 21:42:44",10,#JPRPRVUY,"Akademia CoC PL",17,72.5,#V099C8Y9,一路牛逼带火箭,26,94.9,lose
"2018-04-24 06:41:55",5,#JPRPRVUY,"Akademia CoC PL",13,88.4,#VJ82QPYL,#OuhSh|t,11,83.2,win
"2018-04-06 19:24:50",10,#JPRPRVUY,"Akademia CoC PL",25,86.3,#U98GYUJ8,"✌Big bang",24,83.4,win
"2018-03-31 20:13:37",15,#JPRPRVUY,"Akademia CoC PL",32,78.93,#PR8GGY02,"MADE İN TURKEY",40,95.4,lose
"2018-03-21 18:44:59",10,#JPRPRVUY,"Akademia CoC PL",18,66.5,#PRP8PYUL,"Wat solls???",24,81.3,lose
"2018-03-17 20:38:34",10,#JPRPRVUY,"Akademia CoC PL",19,78.7,#VR0L8CP8,LMK,25,82.9,lose
"2018-03-01 21:47:04",10,#JPRPRVUY,"Akademia CoC PL",23,80.4,#GJCYYCU8,SHAHNAMEH,24,92.6,lose
"2018-02-14 21:43:01",10,#JPRPRVUY,"Akademia CoC PL",25,88.8,#V2GG8JUU,"LSJ CLAN",22,78.3,win
"2018-01-21 22:15:23",15,#JPRPRVUY,"Akademia CoC PL",40,90.4,#ULPJQPYG,طروادة,10,24.73,win
"2018-01-19 20:47:56",10,#JPRPRVUY,"Akademia CoC PL",23,78.3,#PUULYL92,"Alpha Pack",25,85.9,lose
"2018-01-09 06:37:23",10,#JPRPRVUY,"Akademia CoC PL",27,91.1,#UVPQ2VL9,驴帽子,10,35.2,win
"2017-12-23 14:23:38",10,#JPRPRVUY,"Akademia CoC PL",27,96,#CCCP2CVC,"Danger jatts",22,81.7,win
"2017-11-27 22:35:44",15,#JPRPRVUY,"Akademia CoC PL",35,87.87,#CJ29JUUP,"непобедимы пеки",15,41.27,win
"2017-11-16 15:15:33",15,#JPRPRVUY,"Akademia CoC PL",44,98.13,#JJQQ8UU0,LTA!,16,37.47,win
"2017-11-14 12:15:43",15,#JPRPRVUY,"Akademia CoC PL",44,97.47,#CQRGCQQ9,"Hawk Moon",21,57.73,win
"2017-11-10 18:44:04",10,#JPRPRVUY,"Akademia CoC PL",22,76.1,#CRYR2J9C,"رئال مادرید",9,42.8,win
"2017-11-01 20:33:45",20,#JPRPRVUY,"Akademia CoC PL",41,81,#YJYRG9Y8,"BLACK SKY..",58,99.55,lose
"2017-10-26 07:49:20",25,#JPRPRVUY,"Akademia CoC PL",53,79.36,#RCR928UQ,"BAGALI FIGHTER",71,97.08,lose
"2017-10-09 21:28:56",20,#JPRPRVUY,"Akademia CoC PL",54,91.3,#U09YGPR2,"H0T Men",17,33.35,win
"2017-10-01 08:49:14",30,#JPRPRVUY,"Akademia CoC PL",73,86.33,#RQR8YP80,"PEMUJA RAHASIA",22,25.67,win
"2017-09-25 21:46:30",15,#JPRPRVUY,"Akademia CoC PL",28,74.6,#CUPLUJJ2,DARCK-HOLD,28,68.67,win
"2017-09-17 20:57:51",10,#JPRPRVUY,"Akademia CoC PL",27,96.2,#C98J8JGG,TheWaterWizards,14,60.6,win
"2017-09-15 09:44:46",10,#JPRPRVUY,"Akademia CoC PL",11,39.3,#JVG9L2R8,"Dark brother",8,26.9,win
"2017-09-09 20:41:22",10,#JPRPRVUY,"Akademia CoC PL",22,81.3,#RV9C820R,"~War All Night~",25,90.6,lose
"2017-09-07 19:54:14",10,#JPRPRVUY,"Akademia CoC PL",19,71.2,#PQJLJLC0,"بروبچ 031",28,98.7,lose
"2017-08-23 20:45:09",10,#JPRPRVUY,"Akademia CoC PL",25,93.9,#U9L889YG,"Gembel Subaim",7,32.4,win
"2017-08-15 20:39:56",10,#JPRPRVUY,"Akademia CoC PL",8,40.8,#CJJV088R,"S1 F1R B1R",22,81.1,lose
"2017-08-13 15:57:51",10,#JPRPRVUY,"Akademia CoC PL",23,74.3,#J2UG80YU,MALI❤CANSU,21,73.9,win
"2017-08-03 09:41:21",10,#JPRPRVUY,"Akademia CoC PL",22,88.1,#LCY0Y0Y,Borsalino,12,49.7,win
"2017-07-29 07:09:20",10,#JPRPRVUY,"Akademia CoC PL",17,68,#YCQL288C,"جوانان مبارز",21,70,lose
"2017-07-26 20:05:41",10,#JPRPRVUY,"Akademia CoC PL",24,86.2,#C2LUULYP,friends,26,88.8,lose
"2017-07-19 09:16:48",10,#JPRPRVUY,"Akademia CoC PL",16,61,#U8Y9LJ8Y,"GANG STAR KING%",17,72.6,lose
"2017-07-08 05:28:22",10,#JPRPRVUY,"Akademia CoC PL",22,78.5,#JVP2289U,بلک,24,83,lose
"2017-07-03 05:07:07",15,#JPRPRVUY,"Akademia CoC PL",17,37.47,#JUYP2L89,"LEGENDARY BOYS",40,92.8,lose
"2017-06-27 17:44:25",10,#JPRPRVUY,"Akademia CoC PL",26,85.6,#R9RGYRP9,raj@,6,23.3,win
"2017-06-23 08:18:25",15,#JPRPRVUY,"Akademia CoC PL",33,76.13,#CRLGRV9Y,master,37,82.53,lose
"2017-06-19 09:43:18",10,#JPRPRVUY,"Akademia CoC PL",20,74.1,#JCRP8CRJ,"ابطال العراق",16,57.6,win
"2017-05-27 15:46:48",15,#JPRPRVUY,"Akademia CoC PL",36,84.8,#YR9CUGP9,"GS CREED",11,24.4,win
"2017-05-07 04:25:46",15,#JPRPRVUY,"Akademia CoC PL",27,81,#GC82VYJP,talenta,40,91.6,lose
"2017-04-24 13:54:37",10,#JPRPRVUY,"Akademia CoC PL",24,92.9,#GPYGG0RV,"GRUG WAR",29,96,lose
"2017-03-21 05:45:25",15,#JPRPRVUY,"Akademia CoC PL",34,78.33,#RJ909VL0,"""LAKLAK ANCHOR""",33,78.27,win
"2017-03-19 05:36:32",10,#JPRPRVUY,"Akademia CoC PL",25,87.3,#RYP890VG,"bansal conpany",0,1,win
"2017-03-17 05:11:17",10,#JPRPRVUY,"Akademia CoC PL",28,96.5,#GPJU9L2Y,DieRoLeitners,21,78.8,win
"2017-03-14 19:14:14",10,#JPRPRVUY,"Akademia CoC PL",26,92.8,#RVR920U8,ЧЕМПИОНЫ,17,59.2,win
